Admin,admin,admin,admin,images/2022-10-20_1666266869248.jpg,2022-10-20T09:22:05.078356700
User,peepozxc,peepozxc,peepozxc,images/2022-10-20_1666266689286.jpg,2022-10-20T18:51:55.397342300,0
User,a,a,a,images/2022-10-20_1666286308586.png,2022-10-21T02:44:38.156052700,0
User,gong,peepodumb,peeposodumb,images/Gong.jpg,2022-09-29T18:20:09.091944900,0
User,c,c,c,images/user.png,2022-10-09T17:17:03.240566100,0
User,v,v,v,images/2022-10-09_1665310641798.jpg,2022-10-19T02:50:50.623031900,0
User,inwza,007,007,images/2022-10-19_1666114836972.jpg,2022-10-20T18:57:47.804376,0
Officer,ad,ad,ad,images/user.png,2022-10-20T18:53:45.427769900,กองกิจการนิสิต
User,Pung,p,p,images/2022-10-20_1666266932309.jpg,2022-10-20T18:55:56.229409,0
Officer,Poinwza007,7,7,images/user.png,2022-10-20T18:58:31.101324,กองกลางมหาวิทยาลัยเกษตรศาสสตร์
User,g,g,g,images/user.png,2022-10-20T10:19:53.924519500,0
